{
  "a": 0.05475000000000001,
  "b": 149.0,
  "score": 0.9718173091058581
}